date,us2yield,sp500,usd_index
27/01/2021,0.12,3750.77,112.0782
28/01/2021,0.12,3787.38,112.0059
29/01/2021,0.11,3714.24,111.9511
01/02/2021,0.11,3773.86,112.4189
02/02/2021,0.11,3826.31,112.2862
03/02/2021,0.11,3830.17,112.2567
04/02/2021,0.11,3871.74,112.7469
05/02/2021,0.09,3886.83,112.2379
08/02/2021,0.11,3915.59,112.0428
09/02/2021,0.11,3911.23,111.7675
10/02/2021,0.11,3909.88,111.5834
11/02/2021,0.11,3916.38,111.5272
12/02/2021,0.11,3934.83,111.4889
15/02/2021,,,
16/02/2021,0.13,3932.59,111.7879
17/02/2021,0.11,3931.33,112.0204
18/02/2021,0.11,3913.97,112.1603
19/02/2021,0.11,3906.71,111.7058
22/02/2021,0.11,3876.5,111.918
23/02/2021,0.11,3881.37,111.8981
24/02/2021,0.12,3925.43,111.7212
25/02/2021,0.17,3829.34,111.9253
26/02/2021,0.14,3811.15,112.8306
01/03/2021,0.13,3901.82,112.5263
02/03/2021,0.13,3870.29,112.5342
03/03/2021,0.14,3819.72,112.7617
04/03/2021,0.14,3768.47,112.7037
05/03/2021,0.14,3841.94,113.7487
08/03/2021,0.17,3821.35,114.2678
09/03/2021,0.17,3875.44,113.928
10/03/2021,0.16,3898.81,113.5881
11/03/2021,0.14,3939.34,112.9214
12/03/2021,0.14,3943.34,113.0269
15/03/2021,0.14,3968.94,113.1928
16/03/2021,0.15,3962.71,112.9839
17/03/2021,0.13,3974.12,113.1589
18/03/2021,0.16,3915.46,112.7744
19/03/2021,0.16,3913.1,112.9756
22/03/2021,0.15,3940.59,113.0023
23/03/2021,0.15,3910.52,113.2916
24/03/2021,0.14,3889.14,113.6565
25/03/2021,0.14,3909.52,114.0016
26/03/2021,0.14,3974.54,113.7406
29/03/2021,0.14,3971.09,113.9314
30/03/2021,0.16,3958.55,114.203
31/03/2021,0.16,3972.89,113.8234
01/04/2021,0.17,4019.87,113.7389
02/04/2021,0.19,,113.7315
05/04/2021,0.17,4077.91,113.394
06/04/2021,0.16,4073.94,113.1464
07/04/2021,0.16,4079.95,113.2436
08/04/2021,0.14,4097.17,113.0917
09/04/2021,0.16,4128.8,113.2028
12/04/2021,0.18,4127.99,113.1815
13/04/2021,0.16,4141.59,113.0391
14/04/2021,0.16,4124.66,112.7849
15/04/2021,0.16,4170.42,112.6181
16/04/2021,0.16,4185.47,112.4814
19/04/2021,0.16,4163.26,112.1835
20/04/2021,0.15,4134.94,112.2354
21/04/2021,0.15,4173.42,112.1771
22/04/2021,0.16,4134.98,112.2297
23/04/2021,0.16,4180.17,112.0889
26/04/2021,0.18,4187.62,111.8109
27/04/2021,0.17,4186.72,111.9097
28/04/2021,0.17,4183.18,111.7909
29/04/2021,0.16,4211.47,111.7464
30/04/2021,0.16,4181.17,112.0839
03/05/2021,0.16,4192.66,112.005
04/05/2021,0.16,4164.66,112.2896
05/05/2021,0.16,4167.59,112.1514
06/05/2021,0.16,4201.62,111.8401
07/05/2021,0.14,4232.6,111.0249
10/05/2021,0.16,4188.43,110.7905
11/05/2021,0.16,4152.1,110.8921
12/05/2021,0.16,4063.04,111.5636
13/05/2021,0.16,4112.5,111.5955
14/05/2021,0.16,4173.85,111.1353
17/05/2021,0.16,4163.29,111.079
18/05/2021,0.16,4127.83,110.8317
19/05/2021,0.16,4115.68,110.8807
20/05/2021,0.15,4159.12,110.8605
21/05/2021,0.17,4155.86,111.0576
24/05/2021,0.15,4197.05,110.9118
25/05/2021,0.15,4188.13,110.842
26/05/2021,0.14,4195.99,110.8677
27/05/2021,0.14,4200.88,110.8688
28/05/2021,0.14,4204.11,110.7576
31/05/2021,,,
01/06/2021,0.16,4202.04,110.5046
02/06/2021,0.13,4208.12,110.5799
03/06/2021,0.16,4192.85,111.1782
04/06/2021,0.14,4229.89,110.7521
07/06/2021,0.16,4226.52,110.5155
08/06/2021,0.14,4227.26,110.649
09/06/2021,0.16,4219.55,110.5707
10/06/2021,0.14,4239.18,110.5456
11/06/2021,0.16,4247.44,111.0933
14/06/2021,0.16,4255.15,110.9659
15/06/2021,0.16,4246.59,111.3507
16/06/2021,0.21,4223.7,111.1165
17/06/2021,0.23,4221.86,112.5772
18/06/2021,0.26,4166.45,113.0408
21/06/2021,0.27,4224.79,112.8391
22/06/2021,0.25,4246.44,112.9174
23/06/2021,0.26,4241.84,112.3819
24/06/2021,0.26,4266.49,112.326
25/06/2021,0.28,4280.7,111.9655
28/06/2021,0.25,4290.61,112.0248
29/06/2021,0.27,4291.8,112.2613
30/06/2021,0.25,4297.5,112.5533
01/07/2021,0.25,4319.94,112.74
02/07/2021,0.24,4352.34,112.5425
05/07/2021,,,
06/07/2021,0.22,4343.54,112.9516
07/07/2021,0.22,4358.13,113.1048
08/07/2021,0.19,4320.82,113.0776
09/07/2021,0.23,4369.55,112.8375
12/07/2021,0.23,4384.63,112.7611
13/07/2021,0.26,4369.21,113.0063
14/07/2021,0.23,4374.3,112.8801
15/07/2021,0.23,4360.03,113.0041
16/07/2021,0.25,4327.16,113.0428
19/07/2021,0.21,4258.49,113.5472
20/07/2021,0.2,4323.06,113.7502
21/07/2021,0.22,4358.69,113.3926
22/07/2021,0.2,4367.48,113.4695
23/07/2021,0.22,4411.79,113.4398
26/07/2021,0.22,4422.3,113.2238
27/07/2021,0.2,4401.46,113.2227
28/07/2021,0.2,4400.64,113.1807
29/07/2021,0.2,4419.15,112.4834
30/07/2021,0.19,4395.26,112.6714
02/08/2021,0.17,4387.16,112.6691
03/08/2021,0.17,4423.15,112.8228
04/08/2021,0.17,4402.66,112.8953
05/08/2021,0.21,4429.1,112.7674
06/08/2021,0.21,4436.52,113.3088
09/08/2021,0.23,4432.35,113.4521
10/08/2021,0.24,4436.75,113.4973
11/08/2021,0.23,4447.7,113.282
12/08/2021,0.23,4460.83,113.2691
13/08/2021,0.23,4468,113.0615
16/08/2021,0.21,4479.71,113.1698
17/08/2021,0.23,4448.08,113.6174
18/08/2021,0.23,4400.27,113.6959
19/08/2021,0.22,4405.8,114.1106
20/08/2021,0.23,4441.67,114.5009
23/08/2021,0.23,4479.53,113.9418
24/08/2021,0.24,4486.23,113.6795
25/08/2021,0.23,4496.19,113.6322
26/08/2021,0.25,4470,113.7883
27/08/2021,0.22,4509.37,113.3404
30/08/2021,0.2,4528.79,113.246
31/08/2021,0.2,4522.68,113.1076
01/09/2021,0.2,4524.09,112.8732
02/09/2021,0.2,4536.95,112.7863
03/09/2021,0.21,4535.43,112.5476
06/09/2021,,,
07/09/2021,0.22,4520.03,112.9795
08/09/2021,0.22,4514.07,113.2319
09/09/2021,0.23,4493.28,113.043
10/09/2021,0.23,4458.58,112.9425
13/09/2021,0.21,4468.73,113.0341
14/09/2021,0.21,4443.05,113.0061
15/09/2021,0.21,4480.7,112.9773
16/09/2021,0.23,4473.75,113.3036
17/09/2021,0.23,4432.99,113.5989
20/09/2021,0.23,4357.73,113.9422
21/09/2021,0.22,4354.19,113.8179
22/09/2021,0.25,4395.64,113.6223
23/09/2021,0.27,4448.98,113.513
24/09/2021,0.29,4455.48,113.7597
27/09/2021,0.31,4443.11,113.7432
28/09/2021,0.31,4352.63,114.2469
29/09/2021,0.3,4359.46,114.7092
30/09/2021,0.28,4307.54,114.6403
01/10/2021,0.27,4357.04,114.3798
04/10/2021,0.27,4300.46,114.2739
05/10/2021,0.28,4345.72,114.3654
06/10/2021,0.3,4363.55,114.7185
07/10/2021,0.32,4399.76,114.5044
08/10/2021,0.32,4391.34,114.5986
11/10/2021,,4361.19,
12/10/2021,0.35,4350.65,114.7542
13/10/2021,0.37,4363.8,114.4705
14/10/2021,0.36,4438.26,114.2053
15/10/2021,0.41,4471.37,114.0905
18/10/2021,0.44,4486.46,113.9899
19/10/2021,0.41,4519.63,113.647
20/10/2021,0.4,4536.19,113.5083
21/10/2021,0.45,4549.78,113.6188
22/10/2021,0.48,4544.9,113.67
25/10/2021,0.47,4566.48,113.605
26/10/2021,0.47,4574.79,113.674
27/10/2021,0.5,4551.68,113.6218
28/10/2021,0.5,4596.42,113.4389
29/10/2021,0.48,4605.38,114.1349
01/11/2021,0.5,4613.67,114.2067
02/11/2021,0.46,4630.65,114.2847
03/11/2021,0.47,4660.57,114.3593
04/11/2021,0.41,4680.06,114.3558
05/11/2021,0.39,4697.53,114.0732
08/11/2021,0.45,4701.7,113.8256
09/11/2021,0.41,4685.25,113.762
10/11/2021,0.51,4646.71,114.1484
11/11/2021,,4649.27,
12/11/2021,0.53,4682.85,114.5144
15/11/2021,0.53,4682.8,114.5876
16/11/2021,0.54,4700.9,115.136
17/11/2021,0.52,4688.67,115.0263
18/11/2021,0.52,4704.54,115.0678
19/11/2021,0.52,4697.96,115.2187
22/11/2021,0.63,4682.94,115.6481
23/11/2021,0.6,4690.7,116.0118
24/11/2021,0.64,4701.46,116.2711
25/11/2021,,,
26/11/2021,0.5,4594.62,116.5103
29/11/2021,0.51,4655.27,116.581
30/11/2021,0.52,4567,116.2071
01/12/2021,0.56,4513.04,115.889
02/12/2021,0.63,4577.1,116.018
03/12/2021,0.6,4538.43,116.2377
06/12/2021,0.65,4591.67,116.1538
07/12/2021,0.7,4686.75,115.8555
08/12/2021,0.68,4701.21,115.4418
09/12/2021,0.7,4667.45,115.7784
10/12/2021,0.67,4712.02,115.5732
13/12/2021,0.66,4668.97,115.842
14/12/2021,0.67,4634.09,116.2397
15/12/2021,0.69,4709.85,116.4219
16/12/2021,0.64,4668.67,115.7146
17/12/2021,0.66,4620.64,115.791
20/12/2021,0.65,4568.02,116.0092
21/12/2021,0.7,4649.23,116.1089
22/12/2021,0.68,4696.56,115.7485
23/12/2021,0.71,4725.79,115.5337
24/12/2021,,,
27/12/2021,0.76,4791.19,115.4684
28/12/2021,0.74,4786.35,115.4192
29/12/2021,0.75,4793.06,115.3678
30/12/2021,0.73,4778.73,115.283
31/12/2021,0.73,4766.18,
03/01/2022,0.78,4796.56,115.4101
04/01/2022,0.77,4793.54,115.3103
05/01/2022,0.83,4700.58,115.137
06/01/2022,0.88,4696.05,115.4046
07/01/2022,0.87,4677.03,115.0451
10/01/2022,0.92,4670.29,115.2216
11/01/2022,0.9,4713.07,114.8332
12/01/2022,0.92,4726.35,114.355
13/01/2022,0.91,4659.03,114.177
14/01/2022,0.99,4662.85,114.3825
17/01/2022,,,
18/01/2022,1.06,4577.11,114.7373
19/01/2022,1.04,4532.76,114.6109
20/01/2022,1.08,4482.73,114.4642
21/01/2022,1.01,4397.94,114.6125
24/01/2022,0.99,4410.13,115.2034
25/01/2022,1.02,4356.45,115.1654
26/01/2022,1.13,4349.93,115.0922
27/01/2022,1.18,4326.51,115.978
28/01/2022,1.15,4431.85,116.0393
31/01/2022,1.18,4515.55,115.566
01/02/2022,1.18,4546.54,115.3685
02/02/2022,1.16,4589.38,115.1538
03/02/2022,1.19,4477.44,114.9065
04/02/2022,1.31,4500.53,115.1362
07/02/2022,1.3,4483.87,115.0098
08/02/2022,1.35,4521.54,115.0892
09/02/2022,1.36,4587.18,114.8232
10/02/2022,1.61,4504.08,114.5527
11/02/2022,1.5,4418.64,114.8413
14/02/2022,1.58,4401.67,115.1946
15/02/2022,1.58,4471.07,114.93
16/02/2022,1.52,4475.01,114.6886
17/02/2022,1.49,4380.26,114.6755
18/02/2022,1.47,4348.87,114.7982
21/02/2022,,,
22/02/2022,1.56,4304.76,114.7002
23/02/2022,1.58,4225.5,114.6668
24/02/2022,1.54,4288.7,115.9419
25/02/2022,1.55,4384.65,115.2577
28/02/2022,1.44,4373.94,115.2224
01/03/2022,1.31,4306.26,115.7962
02/03/2022,1.5,4386.54,115.7623
03/03/2022,1.53,4363.49,115.9495
04/03/2022,1.5,4328.87,116.6503
07/03/2022,1.55,4201.09,117.3278
08/03/2022,1.63,4170.7,117.6176
09/03/2022,1.68,4277.88,116.5961
10/03/2022,1.72,4259.52,116.7401
11/03/2022,1.75,4204.31,117.0192
14/03/2022,1.87,4173.11,117.1506
15/03/2022,1.85,4262.45,117.246
16/03/2022,1.95,4357.86,116.8073
17/03/2022,1.94,4411.67,116.0467
18/03/2022,1.97,4463.12,116.1378
21/03/2022,2.14,4461.18,115.9398
22/03/2022,2.18,4511.61,116.0824
23/03/2022,2.13,4456.24,116.005
24/03/2022,2.13,4520.16,115.9599
25/03/2022,2.3,4543.06,115.7921
28/03/2022,2.35,4575.52,116.1911
29/03/2022,2.35,4631.6,115.5679
30/03/2022,2.31,4602.45,115.0818
31/03/2022,2.28,4530.41,115.2218
01/04/2022,2.44,4545.86,115.4814
04/04/2022,2.43,4582.64,115.4112
05/04/2022,2.51,4525.12,115.73
06/04/2022,2.5,4481.15,115.9995
07/04/2022,2.47,4500.21,116.3512
08/04/2022,2.53,4488.28,116.4176
11/04/2022,2.5,4412.53,116.5401
12/04/2022,2.39,4397.45,116.3866
13/04/2022,2.37,4446.59,116.2796
14/04/2022,2.47,4392.59,116.7558
15/04/2022,,,116.7017
18/04/2022,2.46,4391.69,116.8441
19/04/2022,2.61,4462.21,117.1324
20/04/2022,2.6,4459.45,116.7306
21/04/2022,2.68,4393.66,117.1432
22/04/2022,2.72,4271.78,118.0186
25/04/2022,2.63,4296.12,118.6271
26/04/2022,2.54,4175.2,118.9624
27/04/2022,2.58,4183.96,119.4708
28/04/2022,2.63,4287.5,120.0675
29/04/2022,2.7,4131.93,119.4933
02/05/2022,2.73,4155.38,119.8825
03/05/2022,2.78,4175.48,119.7043
04/05/2022,2.66,4300.17,119.5592
05/05/2022,2.71,4146.87,120.0068
06/05/2022,2.72,4123.34,119.8577
09/05/2022,2.61,3991.24,120.4972
10/05/2022,2.62,4001.05,120.7742
11/05/2022,2.66,3935.18,120.3925
12/05/2022,2.56,3930.08,121.2796
13/05/2022,2.61,4023.89,120.8442
16/05/2022,2.58,4008.01,120.6881
17/05/2022,2.71,4088.85,119.8871
18/05/2022,2.68,3923.68,120.0274
19/05/2022,2.63,3900.79,119.4278
20/05/2022,2.6,3901.36,119.3677
23/05/2022,2.65,3973.75,118.7169
24/05/2022,2.5,3941.48,118.6245
25/05/2022,2.48,3978.73,118.9598
26/05/2022,2.46,4057.84,118.7687
27/05/2022,2.47,4158.24,118.2834
30/05/2022,,,
31/05/2022,2.53,4132.15,118.0704
01/06/2022,2.66,4101.23,118.6954
02/06/2022,2.65,4176.82,118.0658
03/06/2022,2.66,4108.54,118.2153
06/06/2022,2.73,4121.43,118.3081
07/06/2022,2.75,4160.68,118.4414
08/06/2022,2.78,4115.77,118.3951
09/06/2022,2.83,4017.82,118.9226
10/06/2022,3.06,3900.86,119.9981
13/06/2022,3.4,3749.63,121.1523
14/06/2022,3.45,3735.48,121.6669
15/06/2022,3.2,3789.99,121.6403
16/06/2022,3.14,3666.77,120.6714
17/06/2022,3.17,3674.84,121.2369
20/06/2022,,,
21/06/2022,3.21,3764.79,120.6427
22/06/2022,3.06,3759.89,120.5197
23/06/2022,3.01,3795.73,120.7622
24/06/2022,3.04,3911.74,120.4853
27/06/2022,3.08,3900.11,120.1736
28/06/2022,3.1,3821.55,120.62
29/06/2022,3.06,3818.83,120.9616
30/06/2022,2.92,3785.38,120.9652
01/07/2022,2.84,3825.33,121.5058
04/07/2022,,,
05/07/2022,2.82,3831.39,122.6203
06/07/2022,2.97,3845.08,123.0073
07/07/2022,3.03,3902.62,122.7257
08/07/2022,3.12,3899.38,122.4662
11/07/2022,3.07,3854.43,123.2974
12/07/2022,3.03,3818.8,123.4524
13/07/2022,3.13,3801.78,123.2834
14/07/2022,3.15,3790.38,124.0622
15/07/2022,3.13,3863.16,123.4765
18/07/2022,3.15,3830.85,122.7727
19/07/2022,3.23,3936.69,122.4819
20/07/2022,3.25,3959.9,122.5997
21/07/2022,3.1,3998.95,122.9032
22/07/2022,2.98,3961.63,122.451
25/07/2022,3,3966.84,122.4594
26/07/2022,3.02,3921.05,122.7581
27/07/2022,2.96,4023.61,122.8169
28/07/2022,2.85,4072.43,122.1161
29/07/2022,2.89,4130.29,121.7678
01/08/2022,2.9,4118.63,121.4109
02/08/2022,3.06,4091.19,121.9486
03/08/2022,3.1,4155.17,122.3888
04/08/2022,3.03,4151.94,121.8333
05/08/2022,3.24,4145.19,122.321
08/08/2022,3.21,4140.06,121.8783
09/08/2022,3.28,4122.47,121.8614
10/08/2022,3.23,4210.24,120.7543
11/08/2022,3.23,4207.27,120.7163
12/08/2022,3.25,4280.15,121.018
15/08/2022,3.2,4297.14,121.4315
16/08/2022,3.25,4305.2,121.6807
17/08/2022,3.28,4274.04,122.0711
18/08/2022,3.22,4283.74,122.3627
19/08/2022,3.25,4228.48,123.0501
22/08/2022,3.32,4137.99,123.605
23/08/2022,3.29,4128.73,123.0547
24/08/2022,3.36,4140.77,123.109
25/08/2022,3.35,4199.12,123.0586
26/08/2022,3.37,4057.66,123.0656
29/08/2022,3.42,4030.61,123.4686
30/08/2022,3.46,3986.16,123.6848
31/08/2022,3.45,3955,123.535
01/09/2022,3.51,3966.85,124.4006
02/09/2022,3.4,3924.26,123.7743
05/09/2022,,,
06/09/2022,3.5,3908.19,124.767
07/09/2022,3.45,3979.87,124.8408
08/09/2022,3.48,4006.18,124.578
09/09/2022,3.56,4067.36,123.7874
12/09/2022,3.58,4110.41,123.3332
13/09/2022,3.75,3932.69,124.4242
14/09/2022,3.78,3946.01,124.4509
15/09/2022,3.87,3901.35,124.8843
16/09/2022,3.85,3873.33,124.8794
19/09/2022,3.95,3899.89,125.0104
20/09/2022,3.96,3855.93,125.1248
21/09/2022,4.02,3789.93,125.7399
22/09/2022,4.11,3757.99,126.1667
23/09/2022,4.2,3693.23,127.2853
26/09/2022,4.27,3655.04,128.4539
27/09/2022,4.3,3647.29,128.4386
28/09/2022,4.07,3719.04,128.0884
29/09/2022,4.16,3640.47,127.5437
30/09/2022,4.22,3585.62,127.5148
03/10/2022,4.12,3678.43,127.0813
04/10/2022,4.1,3790.93,126.1819
05/10/2022,4.15,3783.28,126.8616
06/10/2022,4.23,3744.52,127.2493
07/10/2022,4.3,3639.66,127.3111
10/10/2022,,3612.39,
11/10/2022,4.3,3588.84,127.6641
12/10/2022,4.28,3577.03,128.1481
13/10/2022,4.47,3669.91,127.7286
14/10/2022,4.48,3583.07,128.3325
17/10/2022,4.45,3677.95,127.6448
18/10/2022,4.43,3719.98,127.9153
19/10/2022,4.55,3695.16,128.3968
20/10/2022,4.62,3665.78,128.0052
21/10/2022,4.49,3752.75,127.6735
24/10/2022,4.5,3797.34,128.0304
25/10/2022,4.42,3859.11,127.3771
26/10/2022,4.39,3830.6,126.4723
27/10/2022,4.3,3807.3,126.7028
28/10/2022,4.41,3901.06,127.2135
31/10/2022,4.51,3871.98,127.6219
01/11/2022,4.54,3856.1,127.3987
02/11/2022,4.61,3759.69,127.3115
03/11/2022,4.71,3719.89,128.1743
04/11/2022,4.66,3770.55,127.1468
07/11/2022,4.72,3806.8,126.3062
08/11/2022,4.67,3828.11,125.633
09/11/2022,4.61,3748.57,125.9861
10/11/2022,4.34,3956.37,124.7044
11/11/2022,,3992.93,
14/11/2022,4.4,3957.25,123.4277
15/11/2022,4.37,3991.73,123.039
16/11/2022,4.35,3958.79,123.2817
17/11/2022,4.43,3946.56,123.977
18/11/2022,4.51,3965.34,123.8524
21/11/2022,4.48,3949.94,124.7009
22/11/2022,4.47,4003.58,124.2365
23/11/2022,4.46,4027.26,123.7574
24/11/2022,,,
25/11/2022,4.42,4026.12,123.3386
28/11/2022,4.46,3963.94,123.6032
29/11/2022,4.48,3957.63,123.6615
30/11/2022,4.38,4080.11,123.5175
01/12/2022,4.25,4076.57,122.0045
02/12/2022,4.28,4071.7,122.0102
05/12/2022,4.41,3998.84,122.6384
06/12/2022,4.34,3941.26,123.0191
07/12/2022,4.26,3933.92,122.7608
08/12/2022,4.31,3963.51,122.4152
09/12/2022,4.33,3934.38,122.4201
12/12/2022,4.39,3990.56,122.7714
13/12/2022,4.22,4019.65,121.8493
14/12/2022,4.23,3995.32,121.8226
15/12/2022,4.23,3895.75,122.5519
16/12/2022,4.17,3852.36,122.6505
19/12/2022,4.25,3817.66,122.5275
20/12/2022,4.25,3821.62,122.1357
21/12/2022,4.21,3878.44,122.2828
22/12/2022,4.24,3822.39,122.2419
23/12/2022,4.31,3844.82,121.9743
26/12/2022,,,
27/12/2022,4.32,3829.25,121.7539
28/12/2022,4.31,3783.22,122.0075
29/12/2022,4.34,3849.28,121.6577
30/12/2022,4.41,3839.5,121.4256
02/01/2023,,,
03/01/2023,4.4,3824.14,122.0905
04/01/2023,4.36,3852.97,121.5008
05/01/2023,4.45,3808.1,122.1017
06/01/2023,4.24,3895.08,121.0852
09/01/2023,4.19,3892.09,120.1508
10/01/2023,4.24,3919.25,120.2483
11/01/2023,4.2,3969.61,120.1614
12/01/2023,4.12,3983.17,119.4218
13/01/2023,4.22,3999.09,119.1673
16/01/2023,,,
17/01/2023,4.18,3990.97,119.2121
18/01/2023,4.06,3928.86,119.0755
19/01/2023,4.09,3898.85,119.6107
20/01/2023,4.14,3972.61,119.3486
23/01/2023,4.21,4019.81,119.1434
24/01/2023,4.12,4016.95,119.0958
25/01/2023,4.11,4016.22,118.9686
26/01/2023,4.17,4060.43,119.021
27/01/2023,4.19,4070.56,118.9223
30/01/2023,4.25,4017.77,118.8953
31/01/2023,4.21,4076.6,118.9802
01/02/2023,4.09,4119.21,118.6259
02/02/2023,4.09,4179.76,118.3421
03/02/2023,4.3,4136.48,119.5095
06/02/2023,4.44,4111.08,120.541
07/02/2023,4.47,4164,120.3475
08/02/2023,4.45,4117.86,120.1436
09/02/2023,4.48,4081.5,119.9781
10/02/2023,4.5,4090.46,120.1419
13/02/2023,4.52,4137.29,119.9828
14/02/2023,4.6,4136.13,119.9229
15/02/2023,4.62,4147.6,120.4557
16/02/2023,4.62,4090.41,120.4651
17/02/2023,4.6,4079.09,120.5526
20/02/2023,,,
21/02/2023,4.67,3997.34,120.6256
22/02/2023,4.66,3991.05,120.8389
23/02/2023,4.66,4012.32,121.0896
24/02/2023,4.78,3970.04,121.5681
27/02/2023,4.78,3982.24,121.3941
28/02/2023,4.81,3970.15,121.3341
01/03/2023,4.89,3951.39,120.6347
02/03/2023,4.89,3981.35,121.1302
03/03/2023,4.86,4045.64,120.7742
06/03/2023,4.89,4048.42,120.485
07/03/2023,5,3986.37,121.4623
08/03/2023,5.05,3992.01,121.4511
09/03/2023,4.9,3918.32,121.4458
10/03/2023,4.6,3861.59,121.2421
13/03/2023,4.03,3855.76,120.8897
14/03/2023,4.2,3919.29,121.0141
15/03/2023,3.93,3891.93,122.1079
16/03/2023,4.14,3960.28,121.7221
17/03/2023,3.81,3916.64,121.5643
20/03/2023,3.92,3951.57,121.0141
21/03/2023,4.17,4002.87,120.8958
22/03/2023,3.96,3936.97,120.6217
23/03/2023,3.76,3948.72,119.7587
24/03/2023,3.76,3970.99,120.4598
27/03/2023,3.94,3977.53,120.2541
28/03/2023,4.02,3971.27,119.7138
29/03/2023,4.08,4027.81,119.7258
30/03/2023,4.1,4050.83,119.4078
31/03/2023,4.06,4109.31,119.3602
03/04/2023,3.97,4124.51,119.3204
04/04/2023,3.84,4100.6,119.142
05/04/2023,3.79,4090.38,119.2953
06/04/2023,3.82,4105.02,119.3072
07/04/2023,3.97,,119.3547
10/04/2023,4,4109.11,119.7948
11/04/2023,4.03,4108.94,119.5248
12/04/2023,3.95,4091.95,119.003
13/04/2023,3.96,4146.22,118.3915
14/04/2023,4.08,4137.64,118.8567
17/04/2023,4.18,4151.32,119.2787
18/04/2023,4.19,4154.87,119.1049
19/04/2023,4.24,4154.52,119.303
20/04/2023,4.14,4129.79,119.1199
21/04/2023,4.17,4133.52,119.3117
24/04/2023,4.12,4137.04,119.2039
25/04/2023,3.86,4071.63,119.613
26/04/2023,3.9,4055.99,119.3228
27/04/2023,4.07,4135.35,119.4298
28/04/2023,4.04,4169.48,119.2248
01/05/2023,4.14,4167.87,119.4435
02/05/2023,3.97,4119.58,119.6105
03/05/2023,3.89,4090.75,119.1233
04/05/2023,3.75,4061.22,119.0465
05/05/2023,3.92,4136.25,118.5548
08/05/2023,4,4138.12,118.5759
09/05/2023,4.01,4119.17,118.8239
10/05/2023,3.9,4137.64,118.5864
11/05/2023,3.89,4130.62,119.0303
12/05/2023,3.98,4124.08,119.3671
15/05/2023,3.99,4136.28,119.1608
16/05/2023,4.06,4109.9,119.1743
17/05/2023,4.12,4158.77,119.607
18/05/2023,4.24,4198.05,120.0886
19/05/2023,4.28,4191.98,119.7751
22/05/2023,4.29,4192.63,120.0875
23/05/2023,4.26,4145.58,120.3204
24/05/2023,4.31,4115.24,120.4752
25/05/2023,4.5,4151.28,120.8413
26/05/2023,4.54,4205.45,120.6304
29/05/2023,,,
30/05/2023,4.46,4205.52,120.5546
31/05/2023,4.4,4179.83,120.9662
01/06/2023,4.33,4221.02,120.0491
02/06/2023,4.5,4282.37,120.0049
05/06/2023,4.46,4273.79,120.0048
06/06/2023,4.51,4283.85,119.9718
07/06/2023,4.56,4267.52,119.859
08/06/2023,4.52,4293.93,119.5712
09/06/2023,4.59,4298.86,119.4322
12/06/2023,4.55,4338.93,119.6376
13/06/2023,4.67,4369.01,119.1899
14/06/2023,4.74,4372.59,118.776
15/06/2023,4.62,4425.84,118.5521
16/06/2023,4.7,4409.59,118.4184
19/06/2023,,,
20/06/2023,4.68,4388.71,118.938
21/06/2023,4.68,4365.69,118.727
22/06/2023,4.77,4381.89,118.7552
23/06/2023,4.71,4348.33,119.152
26/06/2023,4.65,4328.82,119.0761
27/06/2023,4.74,4378.41,118.8949
28/06/2023,4.71,4376.86,119.3382
29/06/2023,4.87,4396.44,119.527
30/06/2023,4.87,4450.38,119.3606
03/07/2023,4.94,4455.59,119.2119
04/07/2023,,,
05/07/2023,4.94,4446.82,119.3483
06/07/2023,4.99,4411.59,119.8193
07/07/2023,4.94,4398.95,119.0761
10/07/2023,4.85,4409.53,118.9548
11/07/2023,4.88,4439.26,118.7344
12/07/2023,4.72,4472.16,117.6385
13/07/2023,4.59,4510.04,117.1831
14/07/2023,4.74,4505.42,117.0463
17/07/2023,4.74,4522.79,117.1267
18/07/2023,4.74,4554.98,117.0264
19/07/2023,4.74,4565.72,117.3462
20/07/2023,4.8,4534.87,117.5947
21/07/2023,4.82,4536.34,117.9418
24/07/2023,4.81,4554.64,117.8124
25/07/2023,4.85,4567.46,117.8565
26/07/2023,4.82,4566.75,117.76
27/07/2023,4.91,4537.41,117.8938
28/07/2023,4.87,4582.23,117.788
31/07/2023,4.88,4588.96,117.8241
01/08/2023,4.92,4576.73,118.5738
02/08/2023,4.88,4513.39,119.1268
03/08/2023,4.9,4501.89,119.3963
04/08/2023,4.78,4478.03,118.821
07/08/2023,4.76,4518.44,119.0809
08/08/2023,4.74,4499.38,119.6407
09/08/2023,4.79,4467.71,119.476
10/08/2023,4.82,4468.83,119.1581
11/08/2023,4.89,4464.05,119.6268
14/08/2023,4.96,4489.72,120.0725
15/08/2023,4.92,4437.86,120.2127
16/08/2023,4.97,4404.33,120.3551
17/08/2023,4.94,4370.36,120.5242
18/08/2023,4.92,4369.71,120.4321
21/08/2023,4.97,4399.77,120.4627
22/08/2023,5.02,4387.55,120.3554
23/08/2023,4.95,4436.01,120.0307
24/08/2023,4.98,4376.31,120.2354
25/08/2023,5.03,4405.71,120.5137
28/08/2023,4.98,4433.31,120.3155
29/08/2023,4.87,4497.63,120.2669
30/08/2023,4.9,4514.87,119.7937
31/08/2023,4.85,4507.66,120.225
01/09/2023,4.87,4515.77,120.759
04/09/2023,,,
05/09/2023,4.94,4496.83,121.4345
06/09/2023,5.01,4465.48,121.8671
07/09/2023,4.94,4451.14,121.9528
08/09/2023,4.98,4457.49,121.9475
11/09/2023,4.97,4487.46,121.3386
12/09/2023,4.98,4461.9,121.2913
13/09/2023,4.96,4467.44,121.0549
14/09/2023,5,4505.1,121.2395
15/09/2023,5.02,4450.32,121.199
18/09/2023,5.05,4453.53,121.1938
19/09/2023,5.08,4443.95,121.1645
20/09/2023,5.12,4402.2,120.9648
21/09/2023,5.12,4330,121.5528
22/09/2023,5.1,4320.06,121.5306
25/09/2023,5.09,4337.44,122.1143
26/09/2023,5.04,4273.53,122.4742
27/09/2023,5.1,4274.51,122.9895
28/09/2023,5.04,4299.7,122.5342
29/09/2023,5.03,4288.05,122.3077
02/10/2023,5.12,4288.39,123.0545
03/10/2023,5.15,4229.45,123.7848
04/10/2023,5.05,4263.75,123.5946
05/10/2023,5.03,4258.19,123.8993
06/10/2023,5.08,4308.5,123.3563
09/10/2023,,4335.66,
10/10/2023,4.96,4358.24,122.9282
11/10/2023,4.99,4376.95,122.7697
12/10/2023,5.06,4349.61,123.2101
13/10/2023,5.04,4327.78,123.5954
16/10/2023,5.09,4373.63,123.3185
17/10/2023,5.19,4373.2,123.1202
18/10/2023,5.19,4314.6,123.8148
19/10/2023,5.14,4278,123.798
20/10/2023,5.07,4224.16,123.612
23/10/2023,5.05,4217.04,123.2846
24/10/2023,5.02,4247.68,123.6416
25/10/2023,5.08,4186.77,123.7871
26/10/2023,5.02,4137.23,124.0064
27/10/2023,4.99,4117.37,123.62
30/10/2023,5.03,4166.82,123.4076
31/10/2023,5.07,4193.8,123.8364
01/11/2023,4.95,4237.86,123.7922
02/11/2023,4.98,4317.78,122.8818
03/11/2023,4.83,4358.34,121.7564
06/11/2023,4.93,4365.98,121.6484
07/11/2023,4.91,4378.38,122.0777
08/11/2023,4.93,4382.78,122.0926
09/11/2023,5.03,4347.35,122.1281
10/11/2023,5.04,4415.24,
13/11/2023,5.02,4411.55,122.4264
14/11/2023,4.8,4495.7,121.35
15/11/2023,4.9,4502.88,121.0749
16/11/2023,4.83,4508.24,121.1754
17/11/2023,4.88,4514.02,120.8477
20/11/2023,4.89,4547.38,120.2533
21/11/2023,4.86,4538.19,120.2241
22/11/2023,4.89,4556.62,120.6802
23/11/2023,,,
24/11/2023,4.92,4559.34,120.2105
27/11/2023,4.84,4550.43,120.173
28/11/2023,4.73,4554.89,119.5904
29/11/2023,4.64,4550.58,119.8159
30/11/2023,4.73,4567.8,120.2434
01/12/2023,4.56,4594.63,119.9424
04/12/2023,4.64,4569.78,120.4727
05/12/2023,4.57,4567.18,120.7913
06/12/2023,4.6,4549.34,120.5334
07/12/2023,4.58,4585.59,120.6013
08/12/2023,4.71,4604.37,120.7607
11/12/2023,4.71,4622.44,120.9279
12/12/2023,4.73,4643.7,120.6817
13/12/2023,4.46,4707.09,121.1571
14/12/2023,4.37,4719.55,119.5683
15/12/2023,4.44,4719.19,119.7382
18/12/2023,4.43,4740.56,119.9102
19/12/2023,4.41,4768.37,119.4632
20/12/2023,4.34,4698.35,119.5435
21/12/2023,4.33,4746.75,119.3168
22/12/2023,4.31,4754.63,119.0625
25/12/2023,,,
26/12/2023,4.26,4774.75,118.8875
27/12/2023,4.2,4781.58,118.4729
28/12/2023,4.26,4783.35,118.4104
29/12/2023,4.23,4769.83,118.4208
01/01/2024,,,
02/01/2024,4.33,4742.83,119.2686
03/01/2024,4.33,4704.81,119.6958
04/01/2024,4.38,4688.68,119.6208
05/01/2024,4.4,4697.24,119.388
08/01/2024,4.36,4763.54,119.2506
09/01/2024,4.36,4756.5,119.6666
10/01/2024,4.37,4783.45,119.7614
11/01/2024,4.26,4780.24,119.8916
12/01/2024,4.14,4783.83,119.534
15/01/2024,,,
16/01/2024,4.22,4765.98,120.5759
17/01/2024,4.34,4739.21,121.0402
18/01/2024,4.34,4780.94,120.8895
19/01/2024,4.39,4839.81,120.6442
22/01/2024,4.37,4850.43,120.6178
23/01/2024,4.31,4864.6,121.1001
24/01/2024,4.34,4868.55,120.4916
25/01/2024,4.28,4894.16,120.8311
26/01/2024,4.34,4890.97,120.6173
29/01/2024,4.29,4927.93,120.8538
30/01/2024,4.36,4924.97,120.6025
31/01/2024,4.27,4845.65,120.4331
01/02/2024,4.2,4906.19,120.3335
02/02/2024,4.36,4958.61,120.902
05/02/2024,4.46,4942.81,121.349
06/02/2024,4.39,4954.23,120.9588
07/02/2024,4.41,4995.06,120.9049
08/02/2024,4.46,4997.91,121.0798
09/02/2024,4.48,5026.61,121.039
12/02/2024,4.46,5021.84,120.9378
13/02/2024,4.64,4953.17,121.5202
14/02/2024,4.56,5000.62,121.4002
15/02/2024,4.56,5029.73,121.2121
16/02/2024,4.64,5005.57,121.1505
19/02/2024,,,
20/02/2024,4.59,4975.51,121.0199
21/02/2024,4.64,4981.8,121.0379
22/02/2024,4.69,5087.03,121.102
23/02/2024,4.67,5088.8,121.0369
26/02/2024,4.69,5069.53,121.0592
27/02/2024,4.7,5078.18,120.9647
28/02/2024,4.64,5069.76,121.128
29/02/2024,4.64,5096.27,121.1824
01/03/2024,4.54,5137.08,121.0111
04/03/2024,4.61,5130.95,120.872
05/03/2024,4.54,5078.65,120.8846
06/03/2024,4.55,5104.76,120.4649
07/03/2024,4.5,5157.36,120.1909
08/03/2024,4.48,5123.69,119.975
11/03/2024,4.51,5117.94,120.0394
12/03/2024,4.58,5175.27,120.1668
13/03/2024,4.61,5165.31,119.9642
14/03/2024,4.68,5150.48,120.241
15/03/2024,4.72,5117.09,120.4003
18/03/2024,4.73,5149.42,120.5752
19/03/2024,4.68,5178.51,120.9332
20/03/2024,4.59,5224.62,120.9289
21/03/2024,4.62,5241.53,120.8086
22/03/2024,4.59,5234.18,121.1842
25/03/2024,4.54,5218.19,121.0295
26/03/2024,4.56,5203.58,121.0742
27/03/2024,4.54,5248.49,121.0089
28/03/2024,4.59,5254.35,121.0635
29/03/2024,,,121.0191
01/04/2024,4.72,5243.77,121.5151
02/04/2024,4.7,5205.81,121.3035
03/04/2024,4.68,5211.49,121.0198
04/04/2024,4.65,5147.21,120.7613
05/04/2024,4.73,5204.34,120.9646
08/04/2024,4.78,5202.39,120.7359
09/04/2024,4.74,5209.91,120.7048
10/04/2024,4.97,5160.64,121.5727
11/04/2024,4.93,5199.06,121.6081
12/04/2024,4.88,5123.41,122.2885
15/04/2024,4.93,5061.82,122.425
16/04/2024,4.97,5051.41,123.1234
17/04/2024,4.93,5022.21,123.0207
18/04/2024,4.98,5011.12,123.0017
19/04/2024,4.97,4967.23,123.1075
22/04/2024,4.97,5010.6,123.0609
23/04/2024,4.86,5070.55,122.7227
24/04/2024,4.89,5071.63,122.89
25/04/2024,4.96,5048.42,122.8384
26/04/2024,4.96,5099.96,122.9471
29/04/2024,4.97,5116.17,122.5449
30/04/2024,5.04,5035.69,122.9853
01/05/2024,4.96,5018.39,123.0168
02/05/2024,4.87,5064.2,122.4384
03/05/2024,4.81,5127.79,122.1375
06/05/2024,4.82,5180.74,121.8913
07/05/2024,4.82,5187.7,122.093
08/05/2024,4.84,5187.67,122.1926
09/05/2024,4.8,5214.08,122.1634
10/05/2024,4.87,5222.68,122.014
13/05/2024,4.85,5221.42,122.0261
14/05/2024,4.81,5246.68,121.9256
15/05/2024,4.73,5308.15,121.3543
16/05/2024,4.78,5297.1,121.2236
17/05/2024,4.83,5303.27,121.2354
20/05/2024,4.82,5308.13,121.2289
21/05/2024,4.82,5321.41,121.3793
22/05/2024,4.86,5307.01,121.5462
23/05/2024,4.91,5267.84,121.7477
24/05/2024,4.93,5304.72,121.6172
27/05/2024,,,
28/05/2024,4.94,5306.04,121.43
29/05/2024,4.96,5266.95,122.1641
30/05/2024,4.92,5235.48,121.9601
31/05/2024,4.89,5277.51,122.098
03/06/2024,4.82,5283.4,122.3509
04/06/2024,4.77,5291.34,122.7256
05/06/2024,4.72,5354.03,122.5339
06/06/2024,4.72,5352.96,122.3713
07/06/2024,4.87,5346.99,123.549
10/06/2024,4.87,5360.79,123.9125
11/06/2024,4.81,5375.32,124.0349
12/06/2024,4.75,5421.03,123.8295
13/06/2024,4.68,5433.74,124.0235
14/06/2024,4.67,5431.6,124.1694
17/06/2024,4.75,5473.23,124.239
18/06/2024,4.69,5487.03,123.9776
19/06/2024,,,
20/06/2024,4.7,5473.17,124.192
21/06/2024,4.7,5464.62,124.1086
24/06/2024,4.71,5447.87,123.7125
25/06/2024,4.65,5469.3,123.9417
26/06/2024,4.71,5477.9,124.26
27/06/2024,4.7,5482.87,124.3379
28/06/2024,4.71,5460.48,124.2103
01/07/2024,4.77,5475.09,124.4667
02/07/2024,4.74,5509.01,124.2917
03/07/2024,4.71,5537.02,123.7768
04/07/2024,,,
05/07/2024,4.6,5567.19,123.4762
08/07/2024,4.62,5572.85,123.3576
09/07/2024,4.62,5576.98,123.4071
10/07/2024,4.62,5633.91,123.1895
11/07/2024,4.5,5584.54,122.769
12/07/2024,4.45,5615.35,122.4404
15/07/2024,4.44,5631.22,122.6347
16/07/2024,4.43,5667.2,122.7264
17/07/2024,4.42,5588.27,122.518
18/07/2024,4.46,5544.59,122.7909
19/07/2024,4.49,5505,123.147
22/07/2024,4.5,5564.41,123.2172
23/07/2024,4.4,5555.74,123.3843
24/07/2024,4.37,5427.13,123.5575
25/07/2024,4.41,5399.22,123.5286
26/07/2024,4.36,5459.1,123.672
29/07/2024,4.36,5463.54,124.1392
30/07/2024,4.35,5436.44,124.2855
31/07/2024,4.29,5522.3,123.6373
01/08/2024,4.16,5446.68,123.8693
02/08/2024,3.88,5346.56,123.4681
05/08/2024,3.89,5186.33,123.5787
06/08/2024,3.99,5240.03,123.6532
07/08/2024,4,5199.5,123.5698
08/08/2024,4.04,5319.31,123.4466
09/08/2024,4.05,5344.16,122.9276
12/08/2024,4.01,5344.39,123.2204
13/08/2024,3.93,5434.43,123.0146
14/08/2024,3.94,5455.21,122.4297
15/08/2024,4.08,5543.22,122.5844
16/08/2024,4.06,5554.25,122.3972
19/08/2024,4.06,5608.25,121.8788
20/08/2024,3.99,5597.12,121.7728
21/08/2024,3.92,5620.85,121.8535
22/08/2024,3.99,5570.64,122.3626
23/08/2024,3.9,5634.61,121.4597
26/08/2024,3.91,5616.84,121.6943
27/08/2024,3.83,5625.8,121.8672
28/08/2024,3.83,5592.18,121.8943
29/08/2024,3.87,5591.96,122.2333
30/08/2024,3.91,5648.4,122.3262
02/09/2024,,,
03/09/2024,3.88,5528.93,122.7811
04/09/2024,3.76,5520.07,122.5144
05/09/2024,3.75,5503.41,122.4533
06/09/2024,3.66,5408.42,122.4991
09/09/2024,3.68,5471.05,122.7156
10/09/2024,3.59,5495.52,123.0071
11/09/2024,3.62,5554.13,122.7754
12/09/2024,3.64,5595.76,122.4423
13/09/2024,3.57,5626.02,121.6551
16/09/2024,3.56,5633.09,121.4976
17/09/2024,3.59,5634.58,121.6031
18/09/2024,3.61,5618.26,121.5618
19/09/2024,3.59,5713.64,121.3059
20/09/2024,3.55,5702.55,121.4052
23/09/2024,3.57,5718.57,121.4303
24/09/2024,3.49,5732.93,121.1291
25/09/2024,3.53,5722.26,121.4447
26/09/2024,3.6,5745.37,121.0785
27/09/2024,3.55,5738.17,121.1111
30/09/2024,3.66,5762.48,121.2864
01/10/2024,3.61,5708.75,121.6881
02/10/2024,3.63,5709.54,121.5724
03/10/2024,3.7,5699.94,122.1197
04/10/2024,3.93,5751.07,122.2197
07/10/2024,3.99,5695.94,122.4241
08/10/2024,3.98,5751.13,122.6625
09/10/2024,3.99,5792.04,122.8821
10/10/2024,3.98,5780.05,123.0951
11/10/2024,3.95,5815.03,122.9805
14/10/2024,,5859.85,
15/10/2024,3.95,5815.26,123.5124
16/10/2024,3.93,5842.47,123.9235
17/10/2024,3.96,5841.47,124.1122
18/10/2024,3.95,5864.67,123.9185
21/10/2024,4.02,5853.98,124.4757
22/10/2024,4.03,5851.2,124.4107
23/10/2024,4.07,5797.42,124.6931
24/10/2024,4.07,5809.86,124.5127
25/10/2024,4.11,5808.12,124.6105
28/10/2024,4.12,5823.52,124.8076
29/10/2024,4.11,5832.92,124.8612
30/10/2024,4.15,5813.67,124.8153
31/10/2024,4.16,5705.45,124.7988
01/11/2024,4.21,5728.8,124.8076
04/11/2024,4.17,5712.69,124.5903
05/11/2024,4.19,5782.76,124.5532
06/11/2024,4.27,5929.04,125.7035
07/11/2024,4.21,5973.1,124.775
08/11/2024,4.26,5995.54,125.5811
11/11/2024,,6001.35,
12/11/2024,4.34,5983.99,126.7762
13/11/2024,4.27,5985.38,126.9572
14/11/2024,4.34,5949.17,127.0015
15/11/2024,4.31,5870.62,126.8848
18/11/2024,4.29,5893.62,126.6045
19/11/2024,4.27,5916.98,126.3994
20/11/2024,4.31,5917.11,126.88
21/11/2024,4.34,5948.71,127.1047
22/11/2024,4.37,5969.34,127.4712
25/11/2024,4.21,5987.37,126.9948
26/11/2024,4.21,6021.63,127.4301
27/11/2024,4.19,5998.74,126.8205
28/11/2024,,,
29/11/2024,4.13,6032.38,126.5798
02/12/2024,4.17,6047.15,127.1272
03/12/2024,4.17,6049.88,126.9565
04/12/2024,4.13,6086.49,126.7574
05/12/2024,4.15,6075.11,126.4286
06/12/2024,4.1,6090.27,126.688
09/12/2024,4.13,6052.85,126.5981
10/12/2024,4.15,6034.91,126.957
11/12/2024,4.15,6084.19,126.8483
12/12/2024,4.18,6051.25,126.9556
13/12/2024,4.25,6051.09,127.3096
16/12/2024,4.25,6074.08,127.2687
17/12/2024,4.25,6050.61,127.5043
18/12/2024,4.35,5872.16,127.6418
19/12/2024,4.32,5867.08,128.6366
20/12/2024,4.3,5930.85,127.893
23/12/2024,4.3,5974.07,128.3021
24/12/2024,4.29,6040.04,128.3377
25/12/2024,,,
26/12/2024,4.3,6037.59,128.3329
27/12/2024,4.31,5970.84,128.45
30/12/2024,4.24,5906.94,128.8205
31/12/2024,4.25,5881.63,129.2775
01/01/2025,,,
02/01/2025,4.25,5868.55,129.4598
03/01/2025,4.28,5942.47,129.4535
06/01/2025,4.28,5975.38,128.538
07/01/2025,4.3,5909.03,128.613
08/01/2025,4.28,5918.25,129.0785
09/01/2025,4.27,,129.2827
10/01/2025,4.4,5827.04,129.8664
13/01/2025,4.4,5836.22,130.0413
14/01/2025,4.37,5842.91,129.3812
15/01/2025,4.27,5949.91,129.2092
16/01/2025,4.23,5937.34,129.436
17/01/2025,4.27,5996.66,129.4859
20/01/2025,,,
21/01/2025,4.29,6049.24,128.4151
22/01/2025,4.29,6086.37,128.3402
23/01/2025,4.29,6118.71,128.2162
24/01/2025,4.27,6101.24,127.4611
27/01/2025,4.17,6012.28,128.0912
28/01/2025,4.19,6067.7,128.2817
29/01/2025,4.21,6039.31,128.3418
30/01/2025,4.18,6071.17,128.1004
31/01/2025,4.22,6040.53,128.4828
03/02/2025,4.26,5994.57,129.109
04/02/2025,4.21,6037.88,128.1083
05/02/2025,4.17,6061.48,127.9751
06/02/2025,4.21,6083.57,128.2017
07/02/2025,4.29,6025.99,128.4292
10/02/2025,4.28,6066.44,128.6382
11/02/2025,4.29,6068.5,128.4322
12/02/2025,4.36,6051.97,128.3288
13/02/2025,4.31,6115.07,127.8931
14/02/2025,4.26,6114.63,127.1491
17/02/2025,,,
18/02/2025,4.29,6129.58,127.2906
19/02/2025,4.28,6144.15,127.7317
20/02/2025,4.28,6117.52,127.1126
21/02/2025,4.19,6013.13,127.1408
24/02/2025,4.13,5983.25,127.1921
25/02/2025,4.07,5955.25,127.3752
26/02/2025,4.05,5956.06,127.2822
27/02/2025,4.07,5861.57,127.9704
28/02/2025,3.99,5954.5,128.2805
03/03/2025,3.96,5849.72,127.75
04/03/2025,3.96,5778.15,127.9966
05/03/2025,3.99,5842.63,126.504
06/03/2025,3.96,5738.52,126.1099
07/03/2025,3.99,5770.2,125.9814
10/03/2025,3.89,5614.56,126.268
11/03/2025,3.94,5572.07,126.0457
12/03/2025,4.01,5599.3,125.8664
13/03/2025,3.94,5521.52,126.0031
14/03/2025,4.02,5638.94,125.6942
17/03/2025,4.06,5675.12,125.3688
18/03/2025,4.04,5614.66,125.488
19/03/2025,3.99,5675.29,125.8006
20/03/2025,3.95,5662.89,125.985
21/03/2025,3.94,5667.56,126.2679
24/03/2025,4.04,5767.57,126.1956
25/03/2025,3.96,5776.65,126.0535
26/03/2025,3.98,5712.2,126.2364
27/03/2025,3.97,5693.31,126.3626
28/03/2025,3.89,5580.94,126.4187
31/03/2025,3.89,5611.85,126.7075
01/04/2025,3.87,5633.07,126.4338
02/04/2025,3.91,5670.97,126.3811
03/04/2025,3.71,5396.52,124.7316
04/04/2025,3.68,5074.08,125.8129
07/04/2025,3.73,5062.25,126.8282
08/04/2025,3.71,4982.77,126.8668
09/04/2025,3.91,5456.9,126.628
10/04/2025,3.84,5268.05,125.089
11/04/2025,3.96,5363.36,124.0163
14/04/2025,3.84,5405.97,123.6598
15/04/2025,3.84,5396.63,123.776
16/04/2025,3.77,5275.7,123.2724
17/04/2025,3.81,5282.7,123.1298
18/04/2025,,,122.9865
21/04/2025,3.75,5158.2,122.3145
22/04/2025,3.76,5287.76,122.4175
23/04/2025,3.81,5375.86,123.0252
24/04/2025,3.77,5484.77,122.9251
25/04/2025,3.74,5525.21,122.8858
28/04/2025,3.67,5528.75,122.7176
29/04/2025,3.65,5560.83,122.5944
30/04/2025,3.6,5569.06,122.5921
01/05/2025,3.7,5604.14,123.1405
02/05/2025,3.83,5686.67,122.4962
05/05/2025,3.83,5650.38,122.2613
06/05/2025,3.78,5606.91,122.0417
07/05/2025,3.78,5631.28,122.117
08/05/2025,3.9,5663.94,122.7568
09/05/2025,3.88,5659.91,122.5191
12/05/2025,3.98,5844.19,123.4863
13/05/2025,4.02,5886.55,122.9583
14/05/2025,4.05,5892.58,122.6746
15/05/2025,3.96,5916.93,122.8174
16/05/2025,3.98,5958.38,123.0737
19/05/2025,3.97,5963.6,122.4186
20/05/2025,3.97,5940.46,122.3199
21/05/2025,4,5844.61,121.7496
22/05/2025,4,5842.01,122.0429
23/05/2025,4,5802.82,121.3837
26/05/2025,,,
27/05/2025,3.92,5921.54,121.6099
28/05/2025,3.96,5888.55,121.9888
29/05/2025,3.92,5912.17,121.5617
30/05/2025,3.89,5911.69,121.7674
02/06/2025,3.94,5935.94,121.1881
03/06/2025,3.96,5970.37,121.4592
04/06/2025,3.87,5970.81,121.0539
05/06/2025,3.92,5939.3,120.9596
06/06/2025,4.04,6000.36,121.161
09/06/2025,4.01,6005.88,120.9103
10/06/2025,4.01,6038.81,121.0485
11/06/2025,3.94,6022.24,120.587
12/06/2025,3.9,6045.26,120.1723
13/06/2025,3.96,5976.97,120.3245
16/06/2025,3.97,6033.11,120.1565
17/06/2025,3.94,5982.72,120.5048
18/06/2025,3.94,5980.87,120.7305
19/06/2025,,,
20/06/2025,3.9,5967.84,121.0408
23/06/2025,3.84,6025.17,121.1694
24/06/2025,3.75,6092.18,120.3645
25/06/2025,3.74,6092.16,120.3336
26/06/2025,3.7,6141.02,119.6451
27/06/2025,3.73,6173.07,119.659
30/06/2025,3.72,6204.95,119.4088
01/07/2025,3.78,6198.01,119.3436
02/07/2025,3.78,6227.42,119.3037
03/07/2025,3.88,6279.35,119.2382
04/07/2025,,,
07/07/2025,3.9,6229.98,119.6201
08/07/2025,3.9,6225.52,119.8371
09/07/2025,3.86,6263.26,119.7311
10/07/2025,3.86,6280.46,119.8343
11/07/2025,3.9,6259.75,119.9214
14/07/2025,3.9,6268.56,120.2209
15/07/2025,3.95,6243.76,120.5105
16/07/2025,3.88,6263.7,120.4175
17/07/2025,3.91,6297.36,120.6384
18/07/2025,3.88,6296.79,120.356
21/07/2025,3.85,6305.6,119.9961
22/07/2025,3.83,6309.62,119.681
23/07/2025,3.88,6358.91,119.5697
24/07/2025,3.91,6363.35,119.5664
25/07/2025,3.91,6388.64,119.9857
28/07/2025,3.91,6389.77,120.6149
29/07/2025,3.86,6370.86,120.9674
30/07/2025,3.94,6362.9,121.4042
31/07/2025,3.94,6339.39,121.721
01/08/2025,3.69,6238.01,121.2122
04/08/2025,3.69,6329.94,120.9859
05/08/2025,3.72,6299.19,120.9082
06/08/2025,3.69,6345.06,120.5082
07/08/2025,3.72,6340,120.5043
08/08/2025,3.76,6389.45,120.3329
11/08/2025,3.76,6373.45,120.6892
12/08/2025,3.72,6445.76,120.2736
13/08/2025,3.67,6466.58,120.13
14/08/2025,3.74,6468.54,120.6446
15/08/2025,3.75,6449.8,120.3377
18/08/2025,3.77,6449.15,120.5622
19/08/2025,3.75,6411.37,120.7224
20/08/2025,3.74,6395.78,120.7757
21/08/2025,3.79,6370.17,121.0843
22/08/2025,3.68,6466.91,120.2774
25/08/2025,3.73,6439.32,120.4214
26/08/2025,3.61,6465.94,120.5274
27/08/2025,3.59,6481.4,120.7274
28/08/2025,3.62,6501.86,120.2595
29/08/2025,3.59,6460.26,120.2082
01/09/2025,,,
02/09/2025,3.66,6415.54,120.6837
03/09/2025,3.61,6448.26,120.5052
04/09/2025,3.59,6502.08,120.7629
05/09/2025,3.51,6481.5,120.1282
08/09/2025,3.49,6495.15,120.0971
09/09/2025,3.54,6512.61,120.1569
10/09/2025,3.54,6532.04,120.1223
11/09/2025,3.52,6587.47,119.9534
12/09/2025,3.56,6584.29,120.0611
15/09/2025,3.54,6615.28,119.5644
16/09/2025,3.51,6606.76,119.1348
17/09/2025,3.52,6600.35,119.1582
18/09/2025,3.57,6631.96,119.6616
19/09/2025,3.57,6664.36,119.7858
22/09/2025,3.61,6693.75,119.8152
23/09/2025,3.53,6656.92,119.6202
24/09/2025,3.57,6637.97,120.1707
25/09/2025,3.64,6604.72,120.5419
26/09/2025,3.63,6643.7,120.4349
29/09/2025,3.63,6661.21,120.115
30/09/2025,3.6,6688.46,120.1368
01/10/2025,3.55,6711.2,120.1502
02/10/2025,3.55,6715.35,120.4296
03/10/2025,3.58,6715.79,120.0881
06/10/2025,3.6,6740.28,120.2722
07/10/2025,3.57,6714.59,120.4884
08/10/2025,3.58,6753.72,120.7766
09/10/2025,3.6,6735.11,121.0902
10/10/2025,3.52,6552.51,121.1163
13/10/2025,,6654.72,
14/10/2025,3.48,6644.31,121.1822
15/10/2025,3.5,6671.06,120.8642
16/10/2025,3.41,6629.07,120.6698
17/10/2025,3.46,6664.01,120.7028
20/10/2025,3.46,6735.13,120.6209
21/10/2025,3.45,6735.35,120.8895
22/10/2025,3.45,6699.4,120.8958
23/10/2025,3.48,6738.44,120.9531
24/10/2025,3.48,6791.69,120.9345
27/10/2025,3.48,6875.16,120.7988
28/10/2025,3.47,6890.89,120.6361
29/10/2025,3.59,6890.59,120.5312
30/10/2025,3.61,6822.34,121.2832
31/10/2025,3.6,6840.2,121.3859
03/11/2025,3.6,6851.97,121.4512
04/11/2025,3.58,6771.55,121.8271
05/11/2025,3.63,6796.29,121.8482
06/11/2025,3.57,6720.32,121.6948
07/11/2025,3.55,6728.8,121.388
10/11/2025,3.58,6832.43,121.2984
11/11/2025,,6846.61,
12/11/2025,3.56,6850.92,121.0458
13/11/2025,3.58,6737.49,120.7725
14/11/2025,3.62,6734.11,120.9666
17/11/2025,3.6,6672.41,121.1146
18/11/2025,3.58,6617.32,121.2127
19/11/2025,3.58,6642.16,121.4978
20/11/2025,3.55,6538.76,121.6889
21/11/2025,3.51,6602.99,121.8653
24/11/2025,3.46,6705.12,121.9171
25/11/2025,3.43,6765.88,121.6335
26/11/2025,3.45,6812.61,121.2437
27/11/2025,,,
28/11/2025,3.47,6849.09,121.0527
01/12/2025,3.54,6812.63,120.9862
02/12/2025,3.51,6829.37,121.1467
03/12/2025,3.49,6849.72,120.7336
04/12/2025,3.52,6857.12,120.6766
05/12/2025,3.56,6870.4,120.6863
08/12/2025,3.57,6846.51,120.776
09/12/2025,3.61,6840.51,120.6832
10/12/2025,3.54,6886.68,120.6752
11/12/2025,3.52,6901,119.98
12/12/2025,3.52,6827.41,120.1442
15/12/2025,3.51,6816.51,119.9561
16/12/2025,3.48,6800.26,119.8902
17/12/2025,3.49,6721.43,120.155
18/12/2025,3.46,6774.76,120.0528
19/12/2025,3.48,6834.5,120.1652
22/12/2025,3.44,6878.49,119.9912
23/12/2025,3.48,6909.79,119.7057
24/12/2025,3.47,6932.05,119.4372
25/12/2025,,,
26/12/2025,3.46,6929.94,119.4723
29/12/2025,3.45,6905.74,119.5899
30/12/2025,3.45,6896.24,119.4939
31/12/2025,3.47,6845.5,119.7456
01/01/2026,,,
02/01/2026,3.47,6858.47,119.6059
05/01/2026,3.46,6902.05,119.6192
06/01/2026,3.47,6944.82,119.7807
07/01/2026,3.47,6920.93,119.8719
08/01/2026,3.49,6921.46,120.0904
09/01/2026,3.54,6966.28,120.2215
12/01/2026,3.54,6977.27,119.9958
13/01/2026,3.53,6963.74,120.1401
14/01/2026,3.51,6926.6,119.9537
15/01/2026,3.56,6944.47,119.9951
16/01/2026,3.59,6940.01,120.0838
19/01/2026,,,
20/01/2026,3.6,6796.86,119.4455
21/01/2026,3.6,6875.62,119.3431
22/01/2026,3.61,6913.35,119.1962
23/01/2026,3.6,6915.61,118.8976
26/01/2026,3.56,6950.23,118.0525
27/01/2026,3.53,6978.6,117.4523
28/01/2026,3.56,6978.03,117.5117
29/01/2026,3.53,6969.01,117.4396
30/01/2026,3.52,6939.03,117.8996
02/02/2026,3.57,6976.44,118.3609
03/02/2026,3.57,6917.81,117.9764
04/02/2026,3.57,6882.72,118.2602
05/02/2026,3.47,6798.4,118.5034
06/02/2026,3.5,6932.3,118.2407
09/02/2026,3.48,6964.82,117.6392
10/02/2026,3.45,6941.81,117.5216
11/02/2026,3.52,6941.47,117.4601
12/02/2026,3.47,6832.76,117.5376
13/02/2026,3.4,6836.17,117.5258
16/02/2026,,,
17/02/2026,3.43,6843.22,117.7375
18/02/2026,3.47,6881.31,117.8426
19/02/2026,3.47,6861.89,118.2354
20/02/2026,3.48,6909.51,117.9917
23/02/2026,3.43,6837.75,117.9395
24/02/2026,3.43,6890.07,117.9463
25/02/2026,3.45,6946.13,117.769
26/02/2026,3.42,6908.86,117.9042
27/02/2026,3.38,6878.88,117.8223
02/03/2026,3.47,6881.62,118.667
03/03/2026,3.51,6816.63,119.4341
04/03/2026,3.54,6869.5,119.0705
05/03/2026,3.57,6830.71,119.5683
06/03/2026,3.56,6740.02,119.491
09/03/2026,3.56,6795.99,119.5151
10/03/2026,3.57,6781.48,118.7255
11/03/2026,3.64,6775.8,119.2885
12/03/2026,3.76,6672.62,119.8227
13/03/2026,3.73,6632.19,120.5518
16/03/2026,3.68,6699.38,120.097
17/03/2026,3.68,6716.09,119.8328
18/03/2026,3.76,6624.7,119.9276
19/03/2026,3.79,6606.49,120.1802
20/03/2026,3.88,6506.48,120.2757
23/03/2026,3.83,6581,119.9371
24/03/2026,3.9,6556.37,120.1295
25/03/2026,3.84,6591.9,120.1282
26/03/2026,3.96,6477.16,120.389
27/03/2026,3.88,6368.85,120.8851
30/03/2026,3.82,6343.72,121.2851
31/03/2026,3.79,6528.52,121.035
01/04/2026,3.81,6575.32,120.1198
02/04/2026,3.79,6582.69,120.503
03/04/2026,3.84,,120.6565
06/04/2026,3.84,6611.83,120.4302
07/04/2026,3.81,6616.85,120.32
08/04/2026,3.79,6782.81,119.0596
09/04/2026,3.78,6824.66,118.8998
10/04/2026,3.81,6816.89,118.8552
13/04/2026,3.78,6886.24,118.9916
14/04/2026,3.76,6967.38,118.3581
15/04/2026,3.76,7022.95,118.3623
16/04/2026,3.78,7041.28,118.3616
17/04/2026,3.71,7126.06,118.0795
20/04/2026,3.72,7109.14,
,,7064.01,